"fictional","id","product","batch","category","sale_date","closed_date","gross_yuan","refund_yuan","retained_yuan","goods_issued_yuan","recovered_cost_yuan","net_goods_cost_yuan","outbound_yuan","return_freight_yuan","platform_yuan","ad_yuan","packaging_yuan","paid_piecework_yuan","other_variable_yuan","contribution_yuan","recovery_basis","note"
"全部虚构","模拟N01","模拟保温杯500mL","模拟2026-09-01至09-07，售后09-22结束","正常完成","2026-09-07","2026-09-22","89.00","0.00","89.00","32.60","0.00","32.60","5.20","0.00","4.65","7.20","1.65","2.20","0.00","35.50","未退货","虚构成交与成本分列，已付人工未计入商品成本"
"全部虚构","模拟N02","模拟保温杯500mL","模拟2026-09-01至09-07，售后09-22结束","正常完成","2026-09-07","2026-09-22","89.00","0.00","89.00","32.60","0.00","32.60","5.40","0.00","4.65","8.60","1.65","2.20","0.00","33.90","未退货","虚构成交与成本分列，已付人工未计入商品成本"
"全部虚构","模拟N03","模拟保温杯500mL","模拟2026-09-01至09-07，售后09-22结束","正常完成","2026-09-07","2026-09-22","89.00","0.00","89.00","32.60","0.00","32.60","5.10","0.00","4.65","9.15","1.65","2.20","0.00","33.65","未退货","虚构成交与成本分列，已付人工未计入商品成本"
"全部虚构","模拟N04","模拟保温杯500mL","模拟2026-09-01至09-07，售后09-22结束","正常完成","2026-09-07","2026-09-22","89.00","0.00","89.00","32.60","0.00","32.60","5.80","0.00","4.65","6.80","1.65","2.20","0.00","35.30","未退货","虚构成交与成本分列，已付人工未计入商品成本"
"全部虚构","模拟N05","模拟保温杯500mL","模拟2026-09-01至09-07，售后09-22结束","正常完成","2026-09-07","2026-09-22","89.00","0.00","89.00","32.60","0.00","32.60","6.00","0.00","4.65","7.80","1.65","2.20","0.45","33.65","未退货","虚构成交与成本分列，已付人工未计入商品成本"
"全部虚构","模拟N06","模拟保温杯500mL","模拟2026-09-01至09-07，售后09-22结束","正常完成","2026-09-07","2026-09-22","89.00","0.00","89.00","32.60","0.00","32.60","5.20","0.00","4.65","8.10","1.65","2.20","0.00","34.60","未退货","虚构成交与成本分列，已付人工未计入商品成本"
"全部虚构","模拟N07","模拟保温杯500mL","模拟2026-09-01至09-07，售后09-22结束","正常完成","2026-09-07","2026-09-22","89.00","0.00","89.00","32.60","0.00","32.60","5.40","0.00","4.65","10.30","1.65","2.20","0.00","32.20","未退货","虚构成交与成本分列，已付人工未计入商品成本"
"全部虚构","模拟N08","模拟保温杯500mL","模拟2026-09-01至09-07，售后09-22结束","正常完成","2026-09-07","2026-09-22","89.00","0.00","89.00","32.60","0.00","32.60","5.70","0.00","4.65","7.70","1.65","2.20","0.00","34.50","未退货","虚构成交与成本分列，已付人工未计入商品成本"
"全部虚构","模拟N09","模拟保温杯500mL","模拟2026-09-01至09-07，售后09-22结束","正常完成","2026-09-07","2026-09-22","89.00","0.00","89.00","32.60","0.00","32.60","5.30","0.00","4.65","8.40","1.65","2.20","0.00","34.20","未退货","虚构成交与成本分列，已付人工未计入商品成本"
"全部虚构","模拟N10","模拟保温杯500mL","模拟2026-09-01至09-07，售后09-22结束","正常完成","2026-09-07","2026-09-22","89.00","0.00","89.00","32.60","0.00","32.60","5.10","0.00","4.65","6.90","1.65","2.20","0.00","35.90","未退货","虚构成交与成本分列，已付人工未计入商品成本"
"全部虚构","模拟N11","模拟保温杯500mL","模拟2026-09-01至09-07，售后09-22结束","正常完成","2026-09-07","2026-09-22","89.00","0.00","89.00","32.60","0.00","32.60","5.80","0.00","4.65","7.35","1.65","2.20","0.00","34.75","未退货","虚构成交与成本分列，已付人工未计入商品成本"
"全部虚构","模拟N12","模拟保温杯500mL","模拟2026-09-01至09-07，售后09-22结束","正常完成","2026-09-07","2026-09-22","89.00","0.00","89.00","32.60","0.00","32.60","5.40","0.00","4.65","8.85","1.65","2.20","0.00","33.65","未退货","虚构成交与成本分列，已付人工未计入商品成本"
"全部虚构","模拟N13","模拟保温杯500mL","模拟2026-09-01至09-07，售后09-22结束","正常完成","2026-09-07","2026-09-22","89.00","0.00","89.00","32.60","0.00","32.60","5.20","0.00","4.65","9.60","1.65","2.20","0.00","33.10","未退货","虚构成交与成本分列，已付人工未计入商品成本"
"全部虚构","模拟N14","模拟保温杯500mL","模拟2026-09-01至09-07，售后09-22结束","正常完成","2026-09-07","2026-09-22","89.00","0.00","89.00","32.60","0.00","32.60","5.60","0.00","4.65","7.50","1.65","2.20","0.45","34.35","未退货","虚构成交与成本分列，已付人工未计入商品成本"
"全部虚构","模拟N15","模拟保温杯500mL","模拟2026-09-01至09-07，售后09-22结束","正常完成","2026-09-07","2026-09-22","89.00","0.00","89.00","32.60","0.00","32.60","5.90","0.00","4.65","8.05","1.65","2.20","0.00","33.95","未退货","虚构成交与成本分列，已付人工未计入商品成本"
"全部虚构","模拟N16","模拟保温杯500mL","模拟2026-09-01至09-07，售后09-22结束","正常完成","2026-09-07","2026-09-22","89.00","0.00","89.00","32.60","0.00","32.60","5.50","0.00","4.65","9.10","1.65","2.20","0.00","33.30","未退货","虚构成交与成本分列，已付人工未计入商品成本"
"全部虚构","模拟N17","模拟保温杯500mL","模拟2026-09-01至09-07，售后09-22结束","正常完成","2026-09-07","2026-09-22","89.00","0.00","89.00","32.60","0.00","32.60","5.10","0.00","4.65","6.50","1.65","2.20","0.00","36.30","未退货","虚构成交与成本分列，已付人工未计入商品成本"
"全部虚构","模拟N18","模拟保温杯500mL","模拟2026-09-01至09-07，售后09-22结束","正常完成","2026-09-07","2026-09-22","89.00","0.00","89.00","32.60","0.00","32.60","5.70","0.00","4.65","8.20","1.65","2.20","0.00","34.00","未退货","虚构成交与成本分列，已付人工未计入商品成本"
"全部虚构","模拟R01","模拟保温杯500mL","模拟2026-09-01至09-07，售后09-22结束","退货","2026-09-07","2026-09-22","89.00","89.00","0.00","32.60","32.60","0.00","5.20","7.80","1.09","8.15","1.65","2.20","1.20","-27.29","虚构验货R01：原件及盒盖完整，可按原成本32.60入回库；未再售，无现金回收","虚构成交与成本分列，已付人工未计入商品成本"
"全部虚构","模拟R02","模拟保温杯500mL","模拟2026-09-01至09-07，售后09-22结束","退货","2026-09-07","2026-09-22","89.00","89.00","0.00","32.60","8.40","24.20","5.60","8.10","1.09","8.50","1.65","2.20","1.50","-52.84","虚构验货R02：杯身凹损；可用杯盖与配件按原成本清单回收8.40；未再售","虚构成交与成本分列，已付人工未计入商品成本"
"全部虚构","模拟R03","模拟保温杯500mL","模拟2026-09-01至09-07，售后09-22结束","退货","2026-09-07","2026-09-22","89.00","89.00","0.00","32.60","13.20","19.40","5.50","7.50","1.09","8.00","1.65","2.20","1.80","-47.14","虚构验货R03：涂层擦损；可用内胆组件按原成本清单回收13.20；未再售","虚构成交与成本分列，已付人工未计入商品成本"
"全部虚构","模拟O01","模拟保温杯500mL","模拟2026-09-01至09-07，售后09-22结束","未发货取消","2026-09-07","2026-09-22","89.00","89.00","0.00","0.00","0.00","0.00","0.00","0.00","0.00","3.00","0.00","0.00","0.00","-3.00","无商品出库","虚构订单付款后未发货取消，平台费全退；广告3元范围外另算"
"全部虚构","模拟O02","模拟保温杯500mL","模拟2026-09-01至09-07，售后09-22结束","仅退款未退货","2026-09-07","2026-09-22","89.00","20.00","69.00","32.60","0.00","32.60","5.20","0.00","3.85","9.00","1.65","2.20","0.00","14.50","未退货","虚构表面小划痕补偿退款20元，买家保留商品；平台费5%成交+0.2，其中退回4%退款额0.8"
"全部虚构","模拟O03","模拟保温杯500mL","模拟2026-09-01至09-07，售后09-22结束","换货","2026-09-07","2026-09-22","89.00","0.00","89.00","65.20","27.60","37.60","10.80","7.50","4.65","6.00","3.30","4.40","1.20","13.55","虚构换货：两件出库成本65.20，首件按配件验货回收27.60，净商品成本37.60","虚构漏液换货已结束，收入89，全部换货费用范围外另算"
